编号,状态,问政问题,响应时间,问政时间,链接
308863,待处理,厚诚物业强拆大朗五福购物中心停车场道闸,等待处理：27天7小时48分,2021-11-04 15:33:35,https://wz.sun0769.com/political/politics/index?id=529920
308862,待处理,南城区建设路万科翡翠东望小区外围绿地变遛狗场,等待处理：27天7小时48分,2021-11-04 15:23:05,https://wz.sun0769.com/political/politics/index?id=529919
308839,待处理,蔡白湿地公园成“湿地”,等待处理：27天7小时49分,2021-11-04 13:13:17,https://wz.sun0769.com/political/politics/index?id=529898
308861,待处理,深圳最近出文一个文件把某些项目闲置的办公或者商业性质的,等待处理：27天7小时48分,2021-11-04 15:19:21,https://wz.sun0769.com/political/politics/index?id=529918
308840,待处理,车辆挡道 谁是治理者？,等待处理：27天7小时49分,2021-11-04 13:12:43,https://wz.sun0769.com/political/politics/index?id=529897
308823,待处理,竟成狗拉屎拉尿的地方？？,等待处理：27天7小时48分,2021-11-04 11:15:05,https://wz.sun0769.com/political/politics/index?id=529876
308691,待处理,请问个人想安装光伏发电，利用楼顶空间，请问贵局有啥及格的施工企业名单？,等待处理：26天7小时49分,2021-11-03 10:02:21,https://wz.sun0769.com/political/politics/index?id=529738
308854,已受理,投诉南开学校附近工地午休时间施工，严重影响师生正常作息,等待回复：27天23小时2分,2021-11-04 15:03:19,https://wz.sun0769.com/political/politics/index?id=529916
308841,待处理,凯景酒店欺骗消费者,等待处理：27天7小时49分,2021-11-04 13:10:44,https://wz.sun0769.com/political/politics/index?id=529896
308842,待处理,投诉平安保险咨询有争议,等待处理：27天7小时49分,2021-11-04 13:07:46,https://wz.sun0769.com/political/politics/index?id=529895
308820,待处理,洋坑塘新围路荔枝园臭气熏天,等待处理：27天7小时48分,2021-11-04 11:03:29,https://wz.sun0769.com/political/politics/index?id=529875
308692,已受理,麻涌镇麻涌大桥桥底长期不断漏水,等待回复：26天23小时58分,2021-11-03 09:57:46,https://wz.sun0769.com/political/politics/index?id=529737
308789,已受理,关于南城新基社区广东省金盾服装厂排放废气的投诉,等待回复：27天17小时51分,2021-11-04 09:19:37,https://wz.sun0769.com/political/politics/index?id=529854
308668,已受理,工作时长过多（12个小时）,等待回复：27天0小时20分,2021-11-03 08:25:14,https://wz.sun0769.com/political/politics/index?id=529717
308855,待处理,修复村道,等待处理：27天7小时48分,2021-11-04 15:02:17,https://wz.sun0769.com/political/politics/index?id=529915
308843,待处理,投诉长安镇沙头派出所办案不作为,等待处理：27天7小时49分,2021-11-04 12:59:10,https://wz.sun0769.com/political/politics/index?id=529894
308805,已受理,民办幼儿园申领补贴,等待回复：27天22小时31分,2021-11-04 10:47:31,https://wz.sun0769.com/political/politics/index?id=529874
308816,已受理,新世o星新天r收M,等待回复：27天22小时30分,2021-11-03 23:19:28,https://wz.sun0769.com/political/politics/index?id=529831
308666,已受理,开转诊单排三四个小时队,等待回复：26天18小时16分,2021-11-02 21:01:22,https://wz.sun0769.com/political/politics/index?id=529692
308627,待处理,东莞市塘厦镇大坪多处违章建筑，超高超宽建筑,等待处理：25天7小时48分,2021-11-02 16:41:36,https://wz.sun0769.com/political/politics/index?id=529668
308694,已受理,横沥镇神山桥附近路段整条马路碎石粒阻挡非机动车通行，一不小心打滑就会翻车,等待回复：26天22小时37分,2021-11-03 09:50:57,https://wz.sun0769.com/political/politics/index?id=529735
308788,已受理,常平还珠沥汇景豪园旁边沙场每天日夜施工无,等待回复：27天17小时48分,2021-11-04 09:18:01,https://wz.sun0769.com/political/politics/index?id=529853
308669,已受理,管理不到位 懒政不作为,等待回复：26天22小时39分,2021-11-03 08:23:27,https://wz.sun0769.com/political/politics/index?id=529716
308849,待处理,塘厦镇第一幼儿园上学上到家长陪上吗？,等待处理：27天7小时48分,2021-11-04 14:19:08,https://wz.sun0769.com/political/politics/index?id=529910
308844,待处理,关于大朗镇长盛二街停车线乱抄牌事宜,等待处理：27天7小时49分,2021-11-04 12:58:39,https://wz.sun0769.com/political/politics/index?id=529893
308826,已受理,关于清溪中学上午到校时间的建议,等待回复：27天23小时24分,2021-11-04 12:30:28,https://wz.sun0769.com/political/politics/index?id=529889
308806,已受理,家住东莞市横沥镇雍景花园是否不配到楼下散步,等待回复：27天19小时11分,2021-11-04 10:44:14,https://wz.sun0769.com/political/politics/index?id=529873
308757,已受理,常平文化广场管理不作为,等待回复：27天17小时21分,2021-11-03 22:12:56,https://wz.sun0769.com/political/politics/index?id=529828
308645,已受理,生活用水污浊！严重影响生活！,等待回复：26天18小时4分,2021-11-02 20:19:07,https://wz.sun0769.com/political/politics/index?id=529688
308647,待处理,请问东莞移动是否有计划开通eSIM业务？,等待处理：26天7小时48分,2021-11-02 20:11:46,https://wz.sun0769.com/political/politics/index?id=529686
308605,待处理,校车扰民,等待处理：25天7小时48分,2021-11-02 14:07:36,https://wz.sun0769.com/political/politics/index?id=529636
308630,待处理,投诉南城英之辅外语培训中心被要求退学费时则采取“霸王条款”、故意拖延，故意刁难，态度傲慢，敷衍了事,等待处理：25天7小时48分,2021-11-02 16:32:42,https://wz.sun0769.com/political/politics/index?id=529665
308774,已受理,请问位于松山湖光大W谷的瑞思英语培训机构的性质,等待回复：27天17小时17分,2021-11-03 17:58:36,https://wz.sun0769.com/political/politics/index?id=529806
308583,已回复,村道停车收费,处理用时：1天2小时2分,2021-11-02 10:31:51,https://wz.sun0769.com/political/politics/index?id=529602
308695,待处理,犀牛陂新理想幼儿园噪音严重扰民,等待处理：26天7小时49分,2021-11-03 09:48:01,https://wz.sun0769.com/political/politics/index?id=529734
308801,待处理,东城街道火炼树地摊火锅店凌晨1-3点还大吵大闹,等待处理：27天7小时48分,2021-11-04 09:17:04,https://wz.sun0769.com/political/politics/index?id=529852
308804,待处理,关于南城胜和鸭仔塘变相围村收费问题,等待处理：27天7小时48分,2021-11-04 09:15:15,https://wz.sun0769.com/political/politics/index?id=529848
308814,待处理,关于水印长堤小区外围沿河堤坝不让通行问题,等待处理：27天7小时48分,2021-11-04 08:52:29,https://wz.sun0769.com/political/politics/index?id=529846
308639,已受理,森林湖兰溪谷14-1-1303长期投毒,等待回复：26天16小时54分,2021-11-03 08:15:22,https://wz.sun0769.com/political/politics/index?id=529715
308665,已受理,收费就不贴标，不收费就贴标！！！,等待回复：26天19小时33分,2021-11-03 08:10:29,https://wz.sun0769.com/political/politics/index?id=529714
308850,待处理,关于东城实验小学德育管理的几个不当之处,等待处理：27天7小时48分,2021-11-04 14:14:21,https://wz.sun0769.com/political/politics/index?id=529909
308830,待处理,流动摊贩乱停摆卖，商铺放雪糕桶占位,等待处理：27天7小时49分,2021-11-04 12:08:05,https://wz.sun0769.com/political/politics/index?id=529885
308807,已受理,关于虎门学易优违反双减周末上课的问题,等待回复：27天21小时25分,2021-11-04 10:38:38,https://wz.sun0769.com/political/politics/index?id=529872
308819,已受理,虎门太沙路君乐汇人行道电动车占道行驶,等待回复：27天21小时22分,2021-11-03 22:12:54,https://wz.sun0769.com/political/politics/index?id=529827
308725,已受理,防止东莞房地产大落,等待回复：27天0小时47分,2021-11-03 15:39:40,https://wz.sun0769.com/political/politics/index?id=529782
308726,已受理,请东莞市交通运输局解疑,等待回复：27天0小时14分,2021-11-03 15:39:03,https://wz.sun0769.com/political/politics/index?id=529781
308579,已受理,三中村本地村民霸占车位(第五次投诉),等待回复：25天23小时52分,2021-11-02 08:39:37,https://wz.sun0769.com/political/politics/index?id=529581
308551,待处理,公交站台前乱停乱放,等待处理：25天7小时48分,2021-11-02 07:34:07,https://wz.sun0769.com/political/politics/index?id=529579
308648,已受理,占用森林保护区山林地，常燃放鞭炮扰民,等待回复：26天19小时23分,2021-11-02 20:01:32,https://wz.sun0769.com/political/politics/index?id=529685
308607,已受理,蔡白湿地公园,等待回复：26天17小时38分,2021-11-02 13:34:12,https://wz.sun0769.com/political/politics/index?id=529634
308625,已受理,投诉黄江镇社区卫生服务中心,等待回复：26天1小时35分,2021-11-02 16:21:04,https://wz.sun0769.com/political/politics/index?id=529664
308775,待处理,“围村收费”的最新情况,等待处理：27天7小时48分,2021-11-03 17:37:18,https://wz.sun0769.com/political/politics/index?id=529804
308750,待处理,关于莞城中英文小学旁东城路段违章停车的管控,等待处理：26天7小时48分,2021-11-03 17:14:26,https://wz.sun0769.com/political/politics/index?id=529801
308571,已受理,工厂噪音扰民,等待回复：25天22小时48分,2021-11-02 10:12:54,https://wz.sun0769.com/political/politics/index?id=529599
308688,待处理,波利亚外国语学校噪音扰民,等待处理：26天7小时49分,2021-11-03 09:47:43,https://wz.sun0769.com/political/politics/index?id=529733
308815,待处理,万江坝新路爱迪花园路口严重拥堵绿灯仅10秒，严重不合理！,等待处理：27天7小时48分,2021-11-04 08:39:09,https://wz.sun0769.com/political/politics/index?id=529844
308663,已受理,东莞通账户冻结如何解冻？,等待回复：26天21小时54分,2021-11-03 08:10:06,https://wz.sun0769.com/political/politics/index?id=529713
308851,已受理,社保退费问题,等待回复：27天23小时41分,2021-11-04 14:11:38,https://wz.sun0769.com/political/politics/index?id=529908
308831,已受理,关于横沥镇屠宰肉联厂以及公厕臭味难以呼吸严重影响生活，请重视！,等待回复：27天22小时36分,2021-11-04 12:02:43,https://wz.sun0769.com/political/politics/index?id=529883
308808,已受理,关于租住市属人才住房补贴,等待回复：27天22小时31分,2021-11-04 10:37:38,https://wz.sun0769.com/political/politics/index?id=529871
308768,待处理,标都没投，就敢开始施工，在法庭上还嚣张的让举报,等待处理：27天7小时48分,2021-11-03 21:54:10,https://wz.sun0769.com/political/politics/index?id=529826
308719,待处理,汽修厂长期占用行人道，严重影响群众出行,等待处理：27天7小时48分,2021-11-03 15:31:22,https://wz.sun0769.com/political/politics/index?id=529779
308549,已受理,无街灯还是坏左,等待回复：25天23小时44分,2021-11-02 03:01:39,https://wz.sun0769.com/political/politics/index?id=529576
308728,待处理,东江大道河岸卫生,等待处理：26天7小时47分,2021-11-03 14:13:21,https://wz.sun0769.com/political/politics/index?id=529762
308649,待处理,马路井盖响,等待处理：26天7小时48分,2021-11-02 19:49:22,https://wz.sun0769.com/political/politics/index?id=529684
308529,已受理,循环播放高分贝噪声扰民,等待回复：27天22小时19分,2021-11-01 22:00:33,https://wz.sun0769.com/political/politics/index?id=529558
308530,已回复,塘厦莲湖雅苑开发商与物业不作为不装监控,处理用时：1天1小时24分,2021-11-01 21:39:56,https://wz.sun0769.com/political/politics/index?id=529557
308610,已受理,支持高一周五放学！,等待回复：26天17小时52分,2021-11-02 13:06:37,https://wz.sun0769.com/political/politics/index?id=529629
308626,已受理,投诉黄江镇社区卫生服务中心,等待回复：26天1小时35分,2021-11-02 16:18:13,https://wz.sun0769.com/political/politics/index?id=529663
308631,待处理,寮步广场红绿灯经常堵车,等待处理：25天7小时48分,2021-11-02 16:18:03,https://wz.sun0769.com/political/politics/index?id=529662
308751,已受理,城市管理行政执法局对寮步香居明苑违建不处理,等待回复：27天17小时8分,2021-11-03 17:12:43,https://wz.sun0769.com/political/politics/index?id=529800
308754,待处理,莞番高速（广龙）大岭山镇连平连马路段高架施工无任何防护措施！,等待处理：26天7小时48分,2021-11-03 17:10:44,https://wz.sun0769.com/political/politics/index?id=529799
308572,待处理,圃锦南路违停范围,等待处理：25天7小时48分,2021-11-02 09:56:24,https://wz.sun0769.com/political/politics/index?id=529598
308573,待处理,职业技能培训补贴申领（个人）,等待处理：25天7小时48分,2021-11-02 09:49:37,https://wz.sun0769.com/political/politics/index?id=529597
308684,已受理,红荔侨苑改动道路及绿化规划,等待回复：26天19小时10分,2021-11-03 09:43:10,https://wz.sun0769.com/political/politics/index?id=529732
308787,待处理,阳台养鸡导致脏乱差，老鼠爬楼！,等待处理：27天7小时48分,2021-11-04 08:13:38,https://wz.sun0769.com/political/politics/index?id=529843
308785,已受理,失业补助金申请之后什么时候发放,等待回复：27天23小时28分,2021-11-04 07:04:44,https://wz.sun0769.com/political/politics/index?id=529842
308784,待处理,金地前海山地下车库增加出入口问题,等待处理：27天7小时48分,2021-11-04 06:19:55,https://wz.sun0769.com/political/politics/index?id=529841
308659,已受理,清溪华桂园,等待回复：26天18小时21分,2021-11-03 07:58:27,https://wz.sun0769.com/political/politics/index?id=529711
308660,待处理,寮步镇教育路碧桂园公交站台乱停车,等待处理：26天7小时48分,2021-11-03 07:02:50,https://wz.sun0769.com/political/politics/index?id=529710
308852,待处理,为何没有收到补地价款？,等待处理：27天7小时48分,2021-11-04 14:08:04,https://wz.sun0769.com/political/politics/index?id=529907
308832,已受理,深圳10号东延凤岗段上报建设进程,等待回复：27天22小时36分,2021-11-04 12:00:16,https://wz.sun0769.com/political/politics/index?id=529882
308809,待处理,签名盖章跑几趟，真当不用工作坐着等吗？,等待处理：27天7小时48分,2021-11-04 10:34:53,https://wz.sun0769.com/political/politics/index?id=529870
308769,待处理,平衡车是否可以带上公交车？,等待处理：27天7小时48分,2021-11-03 21:38:54,https://wz.sun0769.com/political/politics/index?id=529825
308765,已受理,公司严重违反劳动法不给员工购买社保福利,等待回复：27天23小时22分,2021-11-03 21:32:23,https://wz.sun0769.com/political/politics/index?id=529824
308718,已受理,长安万达广场Vclub酒吧半夜扰民,等待回复：27天23小时37分,2021-11-03 15:29:27,https://wz.sun0769.com/political/politics/index?id=529778
308714,已受理,一位难求！商铺私自霸占公共车位,等待回复：27天17小时2分,2021-11-03 15:24:42,https://wz.sun0769.com/political/politics/index?id=529777
308508,待处理,关于南城树童阳光校区停办家长退费问题,等待处理：24天7小时47分,2021-11-01 17:26:26,https://wz.sun0769.com/political/politics/index?id=529531
308539,已受理,东城体育公园,等待回复：27天22小时29分,2021-11-02 01:07:25,https://wz.sun0769.com/political/politics/index?id=529575
308729,待处理,井盖躁音扰民,等待处理：26天7小时47分,2021-11-03 13:47:38,https://wz.sun0769.com/political/politics/index?id=529761
308730,已受理,官桥蛱脸侨路施工时段不合理,等待回复：27天17小时5分,2021-11-03 13:40:17,https://wz.sun0769.com/political/politics/index?id=529760
308650,待处理,南开学校附近施工噪音太大，影响学生学习。,等待处理：26天7小时48分,2021-11-02 19:42:23,https://wz.sun0769.com/political/politics/index?id=529683
308531,已受理,凤岗镇大运城邦四期广场舞长期严重扰民,等待回复：26天17小时0分,2021-11-01 21:18:57,https://wz.sun0769.com/political/politics/index?id=529556
308602,已受理,卖房，渤海银行迟迟不放款，拿不到钱，现在连小孩奶粉都买不起,等待回复：26天17小时28分,2021-11-02 13:02:56,https://wz.sun0769.com/political/politics/index?id=529627
308597,待处理,望牛墩镇下漕管理区官派村一直都不让建房！,等待处理：25天7小时48分,2021-11-02 12:33:09,https://wz.sun0769.com/political/politics/index?id=529624
308622,已受理,要求家长购买教科书,等待回复：26天0小时49分,2021-11-02 16:01:01,https://wz.sun0769.com/political/politics/index?id=529658
308623,待处理,东莞转诊制度真的方便吗,等待处理：25天7小时48分,2021-11-02 15:59:22,https://wz.sun0769.com/political/politics/index?id=529657
308746,已受理,麻涌恒大滨江左岸房屋质量严重质疑,等待回复：27天1小时56分,2021-11-03 17:04:50,https://wz.sun0769.com/political/politics/index?id=529798
308749,待处理,关于东莞市级光伏发电补贴,等待处理：26天7小时48分,2021-11-03 16:48:38,https://wz.sun0769.com/political/politics/index?id=529794
308574,已受理,还我安全的家园！,等待回复：25天22小时13分,2021-11-02 09:47:32,https://wz.sun0769.com/political/politics/index?id=529596
308575,待处理,厚街高速路口红绿灯优化,等待处理：25天7小时48分,2021-11-02 09:45:38,https://wz.sun0769.com/political/politics/index?id=529595
308678,待处理,车辆违停严重。,等待处理：26天7小时49分,2021-11-03 09:27:22,https://wz.sun0769.com/political/politics/index?id=529730
308679,待处理,稻花村物业一刀切不解决停车难问题，要求将元美东路停车改为非重点路段,等待处理：26天7小时49分,2021-11-03 09:25:12,https://wz.sun0769.com/political/politics/index?id=529729
308783,待处理,大岭山金地林森艺境,等待处理：27天7小时48分,2021-11-04 03:27:41,https://wz.sun0769.com/political/politics/index?id=529840
308658,已受理,公交站点（校车上下车点）垃圾桶乱摆放,等待回复：26天19小时2分,2021-11-03 06:55:06,https://wz.sun0769.com/political/politics/index?id=529709
308853,待处理,东城第六小学 门口多家文具书店违规乱摆货物占道  影响市容,等待处理：27天7小时48分,2021-11-04 14:07:50,https://wz.sun0769.com/political/politics/index?id=529906
308857,待处理,东城第六小学 门口多家文具书店违规卖零食、玩具,等待处理：27天7小时48分,2021-11-04 14:02:23,https://wz.sun0769.com/political/politics/index?id=529905
308833,待处理,收楼服务态度差,等待处理：27天7小时49分,2021-11-04 11:39:23,https://wz.sun0769.com/political/politics/index?id=529881
308812,待处理,请问无证宅基地不能报建有没解决方法？,等待处理：27天7小时48分,2021-11-04 10:31:11,https://wz.sun0769.com/political/politics/index?id=529867
308756,已受理,麻涌东江大桥堵塞和桥抖严重,等待回复：27天17小时42分,2021-11-03 21:18:12,https://wz.sun0769.com/political/politics/index?id=529823
308486,已受理,物业敛财乱收费,等待回复：24天23小时45分,2021-11-01 14:52:22,https://wz.sun0769.com/political/politics/index?id=529505
308488,已受理,工业园区1楼噪声扰民，严重影响他人正常休息,等待回复：25天16小时43分,2021-11-01 14:51:15,https://wz.sun0769.com/political/politics/index?id=529504
308715,已受理,农民安居房报建 4米消防通道,等待回复：27天0小时53分,2021-11-03 15:24:06,https://wz.sun0769.com/political/politics/index?id=529776
308712,待处理,路灯,等待处理：26天7小时48分,2021-11-03 15:16:44,https://wz.sun0769.com/political/politics/index?id=529774
308509,已回复,关于东莞万江街道转诊情况,处理用时：2天22小时1分,2021-11-01 17:25:31,https://wz.sun0769.com/political/politics/index?id=529530
308538,已受理,接306202的投诉，孩子的安全问题谁来保障？,等待回复：27天22小时28分,2021-11-02 00:37:43,https://wz.sun0769.com/political/politics/index?id=529574
308541,已受理,斑马线设计不合理,等待回复：25天23小时41分,2021-11-02 00:11:26,https://wz.sun0769.com/political/politics/index?id=529572
308732,已受理,开医保转诊单南,等待回复：27天22小时30分,2021-11-03 12:37:06,https://wz.sun0769.com/political/politics/index?id=529758
308734,待处理,居民区大排档通宵营业严重扰民,等待处理：26天7小时47分,2021-11-03 12:35:08,https://wz.sun0769.com/political/politics/index?id=529757
308651,待处理,泥头车罚款扣分,等待处理：26天7小时48分,2021-11-02 19:35:48,https://wz.sun0769.com/political/politics/index?id=529682
308652,已受理,办理的银行pos机无法退回,等待回复：26天17小时28分,2021-11-02 19:19:05,https://wz.sun0769.com/political/politics/index?id=529681
308526,待处理,富华中路路面停车位被加塞霸占！,等待处理：25天7小时47分,2021-11-01 21:09:52,https://wz.sun0769.com/political/politics/index?id=529554
308552,待处理,东莞理工学校  食堂定价不合理！,等待处理：25天7小时47分,2021-11-01 20:58:43,https://wz.sun0769.com/political/politics/index?id=529551
308599,已受理,常平桔园街路面下陷,等待回复：26天0小时12分,2021-11-02 12:25:39,https://wz.sun0769.com/political/politics/index?id=529622
308595,已受理,洪梅镇政府不顾村民建房成本高，要求效果图,等待回复：26天0小时25分,2021-11-02 11:47:42,https://wz.sun0769.com/political/politics/index?id=529618
308624,待处理,海逸豪庭大肆违建为何不处置、不拆除,等待处理：25天7小时48分,2021-11-02 15:53:36,https://wz.sun0769.com/political/politics/index?id=529655
308613,待处理,南城车站路片区城市更新,等待处理：25天7小时48分,2021-11-02 15:25:00,https://wz.sun0769.com/political/politics/index?id=529649
308737,待处理,消费诈骗,等待处理：26天7小时48分,2021-11-03 16:30:31,https://wz.sun0769.com/political/politics/index?id=529792
308570,已受理,垃圾满地，请投放垃圾桶,等待回复：25天22小时22分,2021-11-02 09:44:02,https://wz.sun0769.com/political/politics/index?id=529594
308563,已受理,石龙镇区能否办理大货通行证,等待回复：27天0小时49分,2021-11-02 09:41:55,https://wz.sun0769.com/political/politics/index?id=529592
308681,已受理,东城新世界花园政府推导垃圾分类半途而废,等待回复：27天22小时31分,2021-11-03 09:21:53,https://wz.sun0769.com/political/politics/index?id=529728
308782,待处理,新车办证,等待处理：27天7小时48分,2021-11-04 03:01:17,https://wz.sun0769.com/political/politics/index?id=529838
308776,待处理,大朗碧桂园万象松湖22栋23栋对面的半夜商铺噪音,等待处理：27天7小时48分,2021-11-04 02:01:49,https://wz.sun0769.com/political/politics/index?id=529837
308664,已受理,美诺健康体检不能退费,等待回复：26天20小时3分,2021-11-03 01:55:15,https://wz.sun0769.com/political/politics/index?id=529707
308657,待处理,关于建设银行客户服务不规范，涉及诱导消费者消费以及虚假宣传,等待处理：26天7小时48分,2021-11-03 00:59:10,https://wz.sun0769.com/political/politics/index?id=529706
308846,已受理,东莞庆鹏心怡房地产开发有限公司涉嫌偷税漏税,等待回复：27天22小时46分,2021-11-04 13:42:21,https://wz.sun0769.com/political/politics/index?id=529902
308834,待处理,南城国金大厦路边停放无人管,等待处理：27天7小时49分,2021-11-04 11:37:57,https://wz.sun0769.com/political/politics/index?id=529880
308794,已受理,大朗服装厂排废气,等待回复：27天18小时45分,2021-11-04 10:09:49,https://wz.sun0769.com/political/politics/index?id=529866
308755,已受理,常平东元路164号GEM酒吧排气抽风设备扰民,等待回复：27天17小时21分,2021-11-03 21:15:10,https://wz.sun0769.com/political/politics/index?id=529822
308762,已受理,望牛墩恒大翡翠3期，何时能正常复工？预售资金监管账户是否还有钱？,等待回复：27天18小时18分,2021-11-03 21:10:11,https://wz.sun0769.com/political/politics/index?id=529820
308490,待处理,怎么更改医保社区定点,等待处理：24天7小时47分,2021-11-01 14:28:44,https://wz.sun0769.com/political/politics/index?id=529502
308491,已受理,海逸豪庭尚都二期路边井盖松动异响扰民,等待回复：25天22小时57分,2021-11-01 14:21:49,https://wz.sun0769.com/political/politics/index?id=529501
308713,已受理,东莞市大岭山翰华学校乱收班费购买班服资料打扫卫生用品,等待回复：27天0小时16分,2021-11-03 15:16:31,https://wz.sun0769.com/political/politics/index?id=529773
308482,已受理,望沙路改造设计不合理,等待回复：27天0小时6分,2021-11-01 11:57:09,https://wz.sun0769.com/political/politics/index?id=529484
308510,待处理,道路何时修复,等待处理：24天7小时47分,2021-11-01 17:24:53,https://wz.sun0769.com/political/politics/index?id=529529
308519,已受理,小巷被堵，行走不便,等待回复：25天16小时48分,2021-11-01 23:41:55,https://wz.sun0769.com/political/politics/index?id=529570
308735,已受理,东莞一中南门距离不足100米万科生活噪音,等待回复：27天22小时30分,2021-11-03 12:22:37,https://wz.sun0769.com/political/politics/index?id=529756
308638,已受理,众盛物业撤出不交接，财务不公示，侵占业主利益,等待回复：27天22小时30分,2021-11-02 18:33:37,https://wz.sun0769.com/political/politics/index?id=529678
308640,已受理,东莞华侨城纯水岸小区花园差,等待回复：26天17小时6分,2021-11-02 18:23:41,https://wz.sun0769.com/political/politics/index?id=529677
308553,已受理,关于周五放学,等待回复：25天18小时57分,2021-11-01 20:57:56,https://wz.sun0769.com/political/politics/index?id=529550
308517,已受理,路边停车重复收费，停一次收了3次费。,等待回复：25天23小时54分,2021-11-01 20:09:22,https://wz.sun0769.com/political/politics/index?id=529547
308586,已受理,噪音扰民,等待回复：27天22小时20分,2021-11-02 11:44:19,https://wz.sun0769.com/political/politics/index?id=529616
308600,已受理,茶山纳帕溪谷湘阁里辣烟雾恶臭严重影响生活,等待回复：25天23小时27分,2021-11-02 15:07:35,https://wz.sun0769.com/political/politics/index?id=529645
308617,已受理,桥头镇桥龙路温馨家园鸿华尚城4栋.5栋管理处滥收居民电费,等待回复：26天0小时13分,2021-11-02 15:02:05,https://wz.sun0769.com/political/politics/index?id=529643
308736,已受理,万江加州花园 水管严重腐蚀 居民饮水担忧,等待回复：27天0小时22分,2021-11-03 16:23:26,https://wz.sun0769.com/political/politics/index?id=529791
308738,已受理,请住建局公布厚街万科臻山悦花园楼盘预售备案价过程资料，以供广大市民群众监督。,等待回复：27天1小时47分,2021-11-03 16:09:53,https://wz.sun0769.com/political/politics/index?id=529790
308564,已受理,请问满五唯一的五年从什么时候起算？,等待回复：25天23小时52分,2021-11-02 09:38:55,https://wz.sun0769.com/political/politics/index?id=529591
308562,待处理,行人是否需要遵守交通法规？,等待处理：25天7小时48分,2021-11-02 09:03:04,https://wz.sun0769.com/political/politics/index?id=529587
308682,已受理,寮步汽车城没有路灯,等待回复：26天19小时13分,2021-11-03 09:18:26,https://wz.sun0769.com/political/politics/index?id=529727
308683,已受理,私人长期霸占村内公共停车位,等待回复：27天22小时31分,2021-11-03 09:16:16,https://wz.sun0769.com/political/politics/index?id=529726
308777,已受理,快递是如何定价的？,等待回复：27天23小时30分,2021-11-04 01:26:12,https://wz.sun0769.com/political/politics/index?id=529836
308778,待处理,南城夜宵铺长期深夜扰民，居民无法入眠！,等待处理：27天7小时48分,2021-11-04 00:54:33,https://wz.sun0769.com/political/politics/index?id=529835
308670,已受理,东莞国药集团欺诈客户,等待回复：26天20小时8分,2021-11-03 00:32:27,https://wz.sun0769.com/political/politics/index?id=529704
308636,已受理,谢岗镇荣兴街20号荣记美食大排档噪音扰民,等待回复：26天16小时57分,2021-11-03 00:24:08,https://wz.sun0769.com/political/politics/index?id=529703
308836,已受理,厚街君汇时代广场和工业大厦违规圈地收费停车,等待回复：27天23小时4分,2021-11-04 13:38:17,https://wz.sun0769.com/political/politics/index?id=529901
308821,已受理,宿舍楼门口停满电动自行车,等待回复：27天19小时20分,2021-11-04 11:20:38,https://wz.sun0769.com/political/politics/index?id=529879
308792,已受理,高雄路靠近阿里山路交叉口附近路面问题,等待回复：27天23小时50分,2021-11-04 09:56:04,https://wz.sun0769.com/political/politics/index?id=529863
308464,已受理,关于儿童接种新冠疫苗与流感疫苗的间隔周期,等待回复：24天23小时42分,2021-11-01 09:34:34,https://wz.sun0769.com/political/politics/index?id=529465
308759,待处理,泥土车罚款,等待处理：27天7小时48分,2021-11-03 20:15:46,https://wz.sun0769.com/political/politics/index?id=529818
308492,已受理,轮渡路什么时候动工？齐沙路口红绿灯设置不合理,等待回复：25天0小时26分,2021-11-01 14:13:49,https://wz.sun0769.com/political/politics/index?id=529500
308716,已受理,马路大树安全,等待回复：27天23小时29分,2021-11-03 15:14:54,https://wz.sun0769.com/political/politics/index?id=529772
308469,已回复,严重污染环境，损坏人行横道,处理用时：--,2021-11-01 11:40:10,https://wz.sun0769.com/political/politics/index?id=529482
308512,已受理,大岭山金桔村二巷36号101 重庆秘制鸡公煲乱排油烟兼噪音,等待回复：27天23小时18分,2021-11-01 17:09:23,https://wz.sun0769.com/political/politics/index?id=529527
308543,已受理,寮步镇湖滨花园建筑垃圾随地堆放,等待回复：25天19小时59分,2021-11-01 23:39:40,https://wz.sun0769.com/political/politics/index?id=529569
308706,待处理,地址门牌上没有二维码如何申请？,等待处理：26天7小时47分,2021-11-03 11:50:02,https://wz.sun0769.com/political/politics/index?id=529752
308653,待处理,关于公常公路X232与莞深高速交汇节点改造工程进展问题,等待处理：26天7小时48分,2021-11-02 18:14:55,https://wz.sun0769.com/political/politics/index?id=529676
308555,已受理,城区步步高小区停车位租用问题,等待回复：27天23小时52分,2021-11-01 19:25:01,https://wz.sun0769.com/political/politics/index?id=529542
308584,已受理,房屋外的水管阀门坏了，是水表前的阀门，由谁来负责,等待回复：27天22小时29分,2021-11-02 11:37:14,https://wz.sun0769.com/political/politics/index?id=529615
308618,已受理,关于人才引进补贴,等待回复：25天23小时59分,2021-11-02 14:56:24,https://wz.sun0769.com/political/politics/index?id=529642
308739,待处理,关于一孩生育问题咨询电话没人接听的投诉,等待处理：26天7小时48分,2021-11-03 16:04:21,https://wz.sun0769.com/political/politics/index?id=529789
308567,已受理,东莞市莞城街道社区卫生服务中心妇科常停诊,等待回复：27天23小时59分,2021-11-02 09:00:19,https://wz.sun0769.com/political/politics/index?id=529586
308568,待处理,老生常谈，再提重视,等待处理：25天7小时48分,2021-11-02 08:54:42,https://wz.sun0769.com/political/politics/index?id=529585
308685,待处理,沙田公交213，221线路问题,等待处理：26天7小时49分,2021-11-03 09:15:23,https://wz.sun0769.com/political/politics/index?id=529725
308781,待处理,门口违规建筑,等待处理：27天7小时48分,2021-11-03 23:45:45,https://wz.sun0769.com/political/politics/index?id=529832
308654,已受理,大岭山镇元岭村菜市场脏乱差卫生堪忧,等待回复：26天18小时39分,2021-11-02 23:53:47,https://wz.sun0769.com/political/politics/index?id=529701
308656,待处理,危险上路,等待处理：27天7小时48分,2021-11-02 23:10:37,https://wz.sun0769.com/political/politics/index?id=529699
308837,已回复,关于麻涌中学高一高二去高三饭堂打饭,处理用时：25分55秒,2021-11-04 13:27:44,https://wz.sun0769.com/political/politics/index?id=529900
308822,待处理,南城建设路万科翡翠东望外围绿地变成周边居民遛狗的专用场地,等待处理：27天7小时49分,2021-11-04 11:19:39,https://wz.sun0769.com/political/politics/index?id=529878
308790,待处理,愦澳新街店铺每天霸占车位,等待处理：27天7小时48分,2021-11-04 09:43:50,https://wz.sun0769.com/political/politics/index?id=529862
308450,已受理,东莞桥头鸿华尚城 4栋 5栋 要求南方电网申请报装独立分电表,等待回复：25天17小时29分,2021-11-01 09:27:16,https://wz.sun0769.com/political/politics/index?id=529464
308763,待处理,东莞大道立交桥西侧荒地规划,等待处理：27天7小时48分,2021-11-03 19:33:34,https://wz.sun0769.com/political/politics/index?id=529815
308433,已回复,违建为何不拆除,处理用时：3天0小时56分,2021-11-01 07:00:01,https://wz.sun0769.com/political/politics/index?id=529448
308498,已受理,身份证办理情况显示未查询到相关记录,等待回复：25天0小时32分,2021-11-01 13:55:33,https://wz.sun0769.com/political/politics/index?id=529499
308717,已受理,塘厦镇关于强制要求家长到校门口执勤,等待回复：26天23小时32分,2021-11-03 15:10:13,https://wz.sun0769.com/political/politics/index?id=529771
308466,已回复,严重污染环境，损坏人行横道,处理用时：2天23小时40分,2021-11-01 11:36:14,https://wz.sun0769.com/political/politics/index?id=529481
308467,已回复,麻涌豪丰工业园的存在对万科公园里及华阳湖的居住环境有无影响,处理用时：2天5小时28分,2021-11-01 11:31:08,https://wz.sun0769.com/political/politics/index?id=529480
308514,已受理,卡拉OK噪音扰民,等待回复：25天22小时33分,2021-11-01 17:05:35,https://wz.sun0769.com/political/politics/index?id=529525
308544,待处理,东莞城区很多地方有奇怪的涂鸦，是有人故意的吗？,等待处理：25天7小时48分,2021-11-01 23:18:57,https://wz.sun0769.com/political/politics/index?id=529568
308707,待处理,补缴社保和公积金,等待处理：26天7小时47分,2021-11-03 11:48:12,https://wz.sun0769.com/political/politics/index?id=529751
308641,已受理,校运会举办安排,等待回复：26天17小时46分,2021-11-02 18:00:53,https://wz.sun0769.com/political/politics/index?id=529675
308642,已受理,大朗行政服务中心与东方银座中间的天桥质量卫生问题,等待回复：26天17小时9分,2021-11-02 17:56:45,https://wz.sun0769.com/political/politics/index?id=529674
308516,已受理,杨涌村红绿灯附近有一个路口安全隐患大,等待回复：25天17小时27分,2021-11-01 18:38:13,https://wz.sun0769.com/political/politics/index?id=529540
308585,待处理,东莞理工学校  食堂定价不合理！,等待处理：25天7小时48分,2021-11-02 11:21:22,https://wz.sun0769.com/political/politics/index?id=529614
308619,已受理,塘厦奥园观澜誉峰别墅区违建,等待回复：27天22小时20分,2021-11-02 14:52:24,https://wz.sun0769.com/political/politics/index?id=529641
308741,已受理,开眼镜店（个体户）需要哪些资料和技能证书？,等待回复：27天17小时47分,2021-11-03 15:59:18,https://wz.sun0769.com/political/politics/index?id=529787
308569,待处理,南城周溪社区停车难,等待处理：25天7小时48分,2021-11-02 08:50:51,https://wz.sun0769.com/political/politics/index?id=529584
308686,待处理,东莞职业技术学院形式主义封校,等待处理：26天7小时49分,2021-11-03 09:13:49,https://wz.sun0769.com/political/politics/index?id=529724
308672,已受理,寮步镇金地领o楼盘销售不实宣传，误导消费者！,等待回复：26天19小时0分,2021-11-02 22:53:45,https://wz.sun0769.com/political/politics/index?id=529697
308838,已受理,请增加调头路口,等待回复：27天22小时43分,2021-11-04 13:16:08,https://wz.sun0769.com/political/politics/index?id=529899
308824,待处理,小区交付绿地已沦落为遛狗场地，遍地狗屎无人问津,等待处理：27天7小时49分,2021-11-04 11:16:51,https://wz.sun0769.com/political/politics/index?id=529877
308795,已受理,寮步高铁站的规划咨询,等待回复：27天19小时12分,2021-11-04 09:43:08,https://wz.sun0769.com/political/politics/index?id=529861
308451,已受理,沙田齐沙路口红绿灯设置极度不合理,等待回复：24天19小时19分,2021-11-01 09:20:04,https://wz.sun0769.com/political/politics/index?id=529463
308419,已受理,只有村出的土地证明，能否办理土地不动产证,等待回复：24天18小时16分,2021-10-31 21:14:29,https://wz.sun0769.com/political/politics/index?id=529415
308422,已受理,沙田大道与轮渡路交叉口红绿灯拥堵,等待回复：24天18小时40分,2021-10-31 21:07:29,https://wz.sun0769.com/political/politics/index?id=529413
308767,待处理,对于《中华人民共和国土地管理法实施条例》中部分条例理解不清，请具体结实,等待处理：27天7小时48分,2021-11-03 18:34:27,https://wz.sun0769.com/political/politics/index?id=529812
308428,已受理,樟木头备案的东莞德雅学校,等待回复：24天22小时13分,2021-11-01 06:07:27,https://wz.sun0769.com/political/politics/index?id=529445
308430,已受理,噪音扰民,等待回复：24天17小时49分,2021-11-01 02:38:40,https://wz.sun0769.com/political/politics/index?id=529443
308473,已受理,沙田轮渡路车辆严重拥堵,等待回复：24天22小时56分,2021-11-01 13:08:41,https://wz.sun0769.com/political/politics/index?id=529497
308722,已受理,电脑毛织机为何这么嘈,等待回复：26天23小时39分,2021-11-03 14:51:03,https://wz.sun0769.com/political/politics/index?id=529768
308709,待处理,投诉浦发银行信用卡万用金分期利率,等待处理：26天7小时48分,2021-11-03 14:34:34,https://wz.sun0769.com/political/politics/index?id=529766
308461,已受理,虎门镇东风社区顺地工业区三无小作坊喷漆污染,等待回复：24天19小时44分,2021-11-01 11:21:22,https://wz.sun0769.com/political/politics/index?id=529479
308455,待处理,优化社保就医,等待处理：24天7小时47分,2021-11-01 11:11:42,https://wz.sun0769.com/political/politics/index?id=529477
308505,已回复,法治宣传标语有错别字,处理用时：21小时22分,2021-11-01 17:00:03,https://wz.sun0769.com/political/politics/index?id=529522
308534,已受理,投诉龙湾湿地乐跑公园工作人员胡乱收费！,等待回复：25天18小时11分,2021-11-01 22:58:15,https://wz.sun0769.com/political/politics/index?id=529565
308700,已受理,石龙中山路车位被商铺占用,等待回复：27天0小时48分,2021-11-03 11:34:31,https://wz.sun0769.com/political/politics/index?id=529750
308633,已受理,占用道路,等待回复：27天21小时19分,2021-11-02 17:12:39,https://wz.sun0769.com/political/politics/index?id=529672
308558,已受理,关于江滨大桥早晚高峰期设立临时自行车道的建议,等待回复：26天19小时33分,2021-11-01 18:20:13,https://wz.sun0769.com/political/politics/index?id=529538
308559,已受理,厚街涌口南社村长期放纵占用公共道路,等待回复：25天22小时59分,2021-11-01 18:17:05,https://wz.sun0769.com/political/politics/index?id=529537
308588,已受理,工作效率极低,等待回复：25天23小时57分,2021-11-02 11:15:09,https://wz.sun0769.com/political/politics/index?id=529612
308620,已受理,占到经营霸占车位,等待回复：27天22小时20分,2021-11-02 14:31:23,https://wz.sun0769.com/political/politics/index?id=529639
308742,已受理,房控管理乱价乱市,等待回复：27天1小时43分,2021-11-03 15:57:32,https://wz.sun0769.com/political/politics/index?id=529786
308577,已受理,生态园公租房停车位被限制问题,等待回复：25天23小时23分,2021-11-02 08:48:17,https://wz.sun0769.com/political/politics/index?id=529583
308689,已受理,常平苏坑广汇市场管理服务公司不退租房押金1380元,等待回复：26天20小时9分,2021-11-03 08:55:26,https://wz.sun0769.com/political/politics/index?id=529722
308803,待处理,适龄儿童入读民办幼儿园补贴事宜,等待处理：27天7小时48分,2021-11-04 09:42:56,https://wz.sun0769.com/political/politics/index?id=529860
308447,已回复,东莞大环境发展需求下 桥头快速路噪音太大影响民生,处理用时：1天21小时12分,2021-11-01 09:19:20,https://wz.sun0769.com/political/politics/index?id=529462
308423,已受理,寮步镇石步村车辆乱停乱放现象,等待回复：24天19小时45分,2021-10-31 20:43:13,https://wz.sun0769.com/political/politics/index?id=529412
308397,已受理,投诉一年，安全隐患就是不处理,等待回复：24天16小时35分,2021-10-31 19:21:29,https://wz.sun0769.com/political/politics/index?id=529411
308384,已受理,建议多设停车场,等待回复：22天23小时38分,2021-10-31 17:01:58,https://wz.sun0769.com/political/politics/index?id=529399
308770,已受理,违规经营流失了多少国家税收,等待回复：27天16小时50分,2021-11-03 18:12:04,https://wz.sun0769.com/political/politics/index?id=529811
308431,已回复,关于东莞转诊制度,处理用时：6小时16分,2021-11-01 00:20:33,https://wz.sun0769.com/political/politics/index?id=529441
308434,已受理,建议保护科创路两边植物,等待回复：25天0小时5分,2021-10-31 23:54:01,https://wz.sun0769.com/political/politics/index?id=529439
308472,已受理,石龙绿化东路134号,等待回复：25天17小时31分,2021-11-01 13:01:56,https://wz.sun0769.com/political/politics/index?id=529495
308710,待处理,韵达快递公司对消费者权益极度不负责任,等待处理：26天7小时48分,2021-11-03 14:34:24,https://wz.sun0769.com/political/politics/index?id=529765
308452,已受理,在此投诉乡里厨子油烟直排！,等待回复：26天1小时33分,2021-11-01 11:00:07,https://wz.sun0769.com/political/politics/index?id=529475
308506,已受理,谢岗医院的两癌筛查不便民,等待回复：25天16小时54分,2021-11-01 17:00:03,https://wz.sun0769.com/political/politics/index?id=529521
308504,已回复,关于双五和人才入户，落户地是否能落在实际工作地的问题,处理用时：2天21小时8分,2021-11-01 16:59:03,https://wz.sun0769.com/political/politics/index?id=529520
308536,待处理,南城世纪城幸福公馆旁辅道桥底长期有人流浪,等待处理：25天7小时48分,2021-11-01 22:57:22,https://wz.sun0769.com/political/politics/index?id=529564
308698,待处理,异地门诊转诊,等待处理：26天7小时47分,2021-11-03 11:18:06,https://wz.sun0769.com/political/politics/index?id=529748
308635,已受理,寮步镇蟠龙路东大家具前下水道井盖安装不规范，导致噪音扰民,等待回复：26天16小时57分,2021-11-02 17:07:05,https://wz.sun0769.com/political/politics/index?id=529670
308520,已受理,私占车位问题没有妥善处理，还助长风气,等待回复：25天16小时53分,2021-11-01 17:55:48,https://wz.sun0769.com/political/politics/index?id=529535
308521,已受理,石碣镇横虼逍撕崧38号排气管,等待回复：26天23小时3分,2021-11-01 17:44:43,https://wz.sun0769.com/political/politics/index?id=529534
308589,已回复,82新政前购房处理政策何时出台,处理用时：2天1小时51分,2021-11-02 11:09:22,https://wz.sun0769.com/political/politics/index?id=529611
308604,待处理,莞番高速黄泥塘收费站,等待处理：25天7小时48分,2021-11-02 14:08:08,https://wz.sun0769.com/political/politics/index?id=529637
308744,已受理,房款已付清，开发商不开发票,等待回复：27天16小时48分,2021-11-03 15:53:13,https://wz.sun0769.com/political/politics/index?id=529785
308578,待处理,未通知收费而强制收费,等待处理：25天7小时48分,2021-11-02 08:47:11,https://wz.sun0769.com/political/politics/index?id=529582
308696,待处理,人行绿灯时间太短，老人容易急得摔跤,等待处理：26天7小时49分,2021-11-03 08:40:13,https://wz.sun0769.com/political/politics/index?id=529721
308799,待处理,番莞高速桥头段什么时候能开通？,等待处理：27天7小时48分,2021-11-04 09:28:51,https://wz.sun0769.com/political/politics/index?id=529856
308449,已受理,投诉松山湖公交323路遇站不开下车门，以及疑似下车门处摄像头失调。,等待回复：24天19小时15分,2021-11-01 09:19:12,https://wz.sun0769.com/political/politics/index?id=529461
308398,已受理,虎门新联新英豪学校门口违停堵车,等待回复：24天18小时41分,2021-10-31 19:17:51,https://wz.sun0769.com/political/politics/index?id=529410
308362,已受理,长中制度是否合理,等待回复：23天19小时5分,2021-10-31 12:55:16,https://wz.sun0769.com/political/politics/index?id=529368
308381,已受理,水蛇涌社区卫生服务站,等待回复：22天18小时54分,2021-10-31 16:18:53,https://wz.sun0769.com/political/politics/index?id=529396
308771,已受理,大岭山领居A区电信垄断宽带业务,等待回复：27天23小时9分,2021-11-03 18:11:51,https://wz.sun0769.com/political/politics/index?id=529810
308773,待处理,企石恒大悦龙台一直不退定金,等待处理：27天7小时48分,2021-11-03 18:01:24,https://wz.sun0769.com/political/politics/index?id=529808
308424,已回复,小贩恶意占道,处理用时：2天7小时9分,2021-10-31 23:33:25,https://wz.sun0769.com/political/politics/index?id=529436
308474,已受理,电动车摩托车扣下要交2000块钱赎回来，合理吗？,等待回复：24天22小时56分,2021-11-01 12:53:57,https://wz.sun0769.com/political/politics/index?id=529494
308724,已回复,凤岗天保花园淹水需要恢复挡水坡设施,处理用时：20小时1分,2021-11-03 14:30:12,https://wz.sun0769.com/political/politics/index?id=529764
308453,已受理,物业收取电费不合理,等待回复：25天17小时30分,2021-11-01 10:56:16,https://wz.sun0769.com/political/politics/index?id=529474
308454,已受理,道路维修，坑洞回填,等待回复：24天19小时42分,2021-11-01 10:50:27,https://wz.sun0769.com/political/politics/index?id=529473
308503,待处理,常平镇蔚蓝城邦东北门，东站路调头处。,等待处理：24天7小时47分,2021-11-01 16:52:06,https://wz.sun0769.com/political/politics/index?id=529519
308537,待处理,投诉长安实验中学新校区,等待处理：25天7小时48分,2021-11-01 22:53:29,https://wz.sun0769.com/political/politics/index?id=529563
308699,已受理,万江胜利社区围村停车收费不合理,等待回复：26天19小时39分,2021-11-03 11:08:19,https://wz.sun0769.com/political/politics/index?id=529747
308701,待处理,环卫垃圾车在UCC寰宇汇金中心凌晨五点半工作影响公寓居住人群睡眠,等待处理：26天7小时47分,2021-11-03 11:05:54,https://wz.sun0769.com/political/politics/index?id=529746
308522,已受理,对于中堂槎蛐⊙Ь侔旎疃存在马虎，偏私，不公平，公正的质疑,等待回复：25天17小时33分,2021-11-01 17:42:41,https://wz.sun0769.com/political/politics/index?id=529533
308591,已受理,2021年创业补贴政策,等待回复：25天23小时55分,2021-11-02 10:47:43,https://wz.sun0769.com/political/politics/index?id=529609
308592,已受理,生态园大道与莞樟路交汇处施工围护什么时候拆除，恢复人行通道,等待回复：27天0小时16分,2021-11-02 10:45:33,https://wz.sun0769.com/political/politics/index?id=529608
308733,已受理,樟木头天和百货售卖发霉食品,等待回复：27天17小时37分,2021-11-03 15:45:17,https://wz.sun0769.com/political/politics/index?id=529783
308800,已受理,工地通宵施工，噪声严重扰民,等待回复：27天23小时41分,2021-11-04 09:22:47,https://wz.sun0769.com/political/politics/index?id=529855
308438,已受理,东莞桥头鸿华尚城 4栋 5栋 要求南方电网申请报装独立分电表,等待回复：25天17小时29分,2021-11-01 09:16:31,https://wz.sun0769.com/political/politics/index?id=529460
308437,已受理,住宿区每天都有车辆炸街,等待回复：24天18小时50分,2021-11-01 09:15:37,https://wz.sun0769.com/political/politics/index?id=529459
308399,已受理,无牌废品站多次投诉不清理部门不作为,等待回复：24天16小时45分,2021-10-31 19:01:27,https://wz.sun0769.com/political/politics/index?id=529409
308332,已受理,振安西路15号斑马线,等待回复：22天19小时26分,2021-10-31 09:55:19,https://wz.sun0769.com/political/politics/index?id=529349
308363,已受理,投诉南城华凯信服苹果授权维修店无故拖延不履行保修服务,等待回复：22天18小时0分,2021-10-31 12:51:10,https://wz.sun0769.com/political/politics/index?id=529367
308385,已受理,华南师范大学附属东莞学校中学部初中周六上课,等待回复：24天1小时32分,2021-10-31 16:09:22,https://wz.sun0769.com/political/politics/index?id=529393
308418,已回复,道路拥堵不堪,处理用时：23小时33分,2021-10-31 22:57:24,https://wz.sun0769.com/political/politics/index?id=529434
308470,已回复,违法在山上建墓地,处理用时：2天23小时48分,2021-11-01 12:34:40,https://wz.sun0769.com/political/politics/index?id=529492
308727,待处理,长安镇OPPO新研发工地非施工时间扰民,等待处理：26天7小时48分,2021-11-03 14:26:58,https://wz.sun0769.com/political/politics/index?id=529763
308458,待处理,东部快速干线东平跨线桥出口辅路井盖下陷事宜,等待处理：24天7小时47分,2021-11-01 10:40:11,https://wz.sun0769.com/political/politics/index?id=529472
308500,待处理,国企就可以乱收费？？,等待处理：24天7小时47分,2021-11-01 16:11:22,https://wz.sun0769.com/political/politics/index?id=529516
308545,已受理,关于石碣镇梁家村万里碧道夜晚灯光不亮的投诉,等待回复：26天23小时4分,2021-11-01 22:35:45,https://wz.sun0769.com/political/politics/index?id=529562
308703,待处理,请问城管对那些用电动车，摩托车，三轮车霸占停车位，给自己停车的行为是否不管？？是否不在城管管理范围？,等待处理：26天7小时47分,2021-11-03 10:51:25,https://wz.sun0769.com/political/politics/index?id=529743
308507,已受理,第十二次问政,等待回复：25天16小时29分,2021-11-01 17:29:41,https://wz.sun0769.com/political/politics/index?id=529532
308593,已受理,小区外围的停车场收益问题,等待回复：27天22小时29分,2021-11-02 10:42:09,https://wz.sun0769.com/political/politics/index?id=529606
308439,已受理,审批行政复议流程,等待回复：27天16小时36分,2021-11-01 09:12:49,https://wz.sun0769.com/political/politics/index?id=529458
308400,已受理,社区医疗就诊问题,等待回复：24天23小时43分,2021-10-31 18:58:15,https://wz.sun0769.com/political/politics/index?id=529408
308333,已受理,长安中学真的很过分,等待回复：23天18小时28分,2021-10-31 09:54:04,https://wz.sun0769.com/political/politics/index?id=529348
308364,已受理,洪梅镇桥东路交通设施,等待回复：22天19小时24分,2021-10-31 11:58:49,https://wz.sun0769.com/political/politics/index?id=529365
308330,已受理,工厂噪音严重超标，严重影响业主生活,等待回复：21天22小时32分,2021-10-31 08:13:14,https://wz.sun0769.com/political/politics/index?id=529330
308389,已受理,你好，我想咨询，如果我从淘宝拍卖上拍得,等待回复：22天17小时37分,2021-10-31 15:46:23,https://wz.sun0769.com/political/politics/index?id=529390
308409,已受理,小贩占道经营，城管坐视不理,等待回复：25天2小时14分,2021-10-31 22:26:30,https://wz.sun0769.com/political/politics/index?id=529426
308410,已受理,截污管网井盖安装不规范，导致车辆碾压井盖而过都会发出异响。,等待回复：24天17小时26分,2021-10-31 22:21:24,https://wz.sun0769.com/political/politics/index?id=529425
308476,已受理,第三次反馈虎门高铁站出租车、网约车司机管理混乱,等待回复：25天18小时15分,2021-11-01 12:30:41,https://wz.sun0769.com/political/politics/index?id=529491
308459,已受理,寮步社区医院不给看普通感冒，转诊难，看不难,等待回复：24天19小时38分,2021-11-01 10:36:09,https://wz.sun0769.com/political/politics/index?id=529471
308496,已受理,邻居非常占用我家通道多年，投诉无门,等待回复：27天22小时19分,2021-11-01 15:46:09,https://wz.sun0769.com/political/politics/index?id=529513
308493,已受理,海逸豪庭违建投诉,等待回复：27天22小时19分,2021-11-01 15:37:15,https://wz.sun0769.com/political/politics/index?id=529512
308528,待处理,居民楼下开机械厂，噪音扰民,等待处理：25天7小时48分,2021-11-01 22:05:57,https://wz.sun0769.com/political/politics/index?id=529560
308704,待处理,107国道改扩建施工中不能根据实际情况给居益公馆小区出口预留出口？,等待处理：26天7小时47分,2021-11-03 10:37:00,https://wz.sun0769.com/political/politics/index?id=529742
308440,已受理,在阳台养四五只大猫长期散发恶臭,等待回复：25天0小时5分,2021-11-01 09:07:04,https://wz.sun0769.com/political/politics/index?id=529457
308401,已受理,油烟,等待回复：25天2小时14分,2021-10-31 18:10:44,https://wz.sun0769.com/political/politics/index?id=529407
308402,已受理,下玲贝村聚宝源公园广场舞扰民,等待回复：24天19小时25分,2021-10-31 18:07:16,https://wz.sun0769.com/political/politics/index?id=529406
308317,已受理,粤s牌大货车,等待回复：23天19小时26分,2021-10-30 20:49:53,https://wz.sun0769.com/political/politics/index?id=529302
308334,已回复,长安镇违反疫情隔离规定，对已经完成14天居家隔离人员不按期解封。,处理用时：4天0小时44分,2021-10-31 09:40:21,https://wz.sun0769.com/political/politics/index?id=529345
308365,已受理,长安中学能否倾听我们的声音？？,等待回复：23天19小时13分,2021-10-31 11:53:36,https://wz.sun0769.com/political/politics/index?id=529364
308349,已受理,东城金月湾和新世纪星城亲亲贝尔早教中心诈骗,等待回复：22天23小时46分,2021-10-31 07:57:13,https://wz.sun0769.com/political/politics/index?id=529329
308391,已受理,东莞什么时候二手房买卖跳过中介,等待回复：24天17小时28分,2021-10-31 15:38:03,https://wz.sun0769.com/political/politics/index?id=529389
308411,已受理,偷油贼骑摩托车踩点,等待回复：24天18小时36分,2021-10-31 22:20:45,https://wz.sun0769.com/political/politics/index?id=529424
308477,已回复,万江中学周围在施工噪音,处理用时：2天2小时43分,2021-11-01 12:13:26,https://wz.sun0769.com/political/politics/index?id=529489
308460,已受理,路该修房该管环境该改善了,等待回复：24天19小时34分,2021-11-01 10:22:21,https://wz.sun0769.com/political/politics/index?id=529470
308497,待处理,新生儿社保参保后多久能使用医保？,等待处理：24天7小时47分,2021-11-01 15:35:54,https://wz.sun0769.com/political/politics/index?id=529511
308527,待处理,建议909路延长至东莞南站高铁站作为总站,等待处理：25天7小时48分,2021-11-01 22:03:35,https://wz.sun0769.com/political/politics/index?id=529559
308690,待处理,厚街体育公园路口红绿灯设定时间不合理,等待处理：26天7小时47分,2021-11-03 10:20:55,https://wz.sun0769.com/political/politics/index?id=529739
308441,已受理,卓越弥敦道2期车位违规销售,等待回复：26天22小时58分,2021-11-01 08:57:45,https://wz.sun0769.com/political/politics/index?id=529456
308403,已受理,东莞市第一中学假期问题,等待回复：25天19小时31分,2021-10-31 17:54:43,https://wz.sun0769.com/political/politics/index?id=529405
308308,已回复,17年办的POS机无法退,处理用时：4天9小时6分,2021-10-30 20:38:25,https://wz.sun0769.com/political/politics/index?id=529300
308309,已受理,长安沙头西大路别墅路口路段乱停车,等待回复：23天22小时53分,2021-10-30 20:35:00,https://wz.sun0769.com/political/politics/index?id=529298
308331,已受理,电脑 社保查询 使用浏览器问题,等待回复：23天0小时10分,2021-10-31 09:31:23,https://wz.sun0769.com/political/politics/index?id=529344
308304,已受理,私家车乱停新能源车充电位,等待回复：23天18小时55分,2021-10-30 17:41:38,https://wz.sun0769.com/political/politics/index?id=529275
308366,已受理,长安中学真的有为学生考虑过吗？,等待回复：23天19小时13分,2021-10-31 11:41:53,https://wz.sun0769.com/political/politics/index?id=529363
308350,已受理,我想咨询灵活就业和居民医保的一些问题谢谢,等待回复：23天0小时8分,2021-10-31 07:41:55,https://wz.sun0769.com/political/politics/index?id=529328
308369,已受理,长期侵占村集体公共路,等待回复：22天23小时46分,2021-10-31 14:19:57,https://wz.sun0769.com/political/politics/index?id=529382
308406,已受理,南城万科翡丽山门前广场晚上噪音严重扰民,等待回复：25天0小时5分,2021-10-31 22:02:46,https://wz.sun0769.com/political/politics/index?id=529422
308478,已受理,加强巡查真有用吗？,已超时,2021-11-01 12:09:46,https://wz.sun0769.com/political/politics/index?id=529488
308462,已受理,东莞桥头鸿华尚城 4栋 5栋 要求南方电网申请报装独立分电表,等待回复：25天17小时29分,2021-11-01 10:15:09,https://wz.sun0769.com/political/politics/index?id=529469
308448,已受理,塘厦镇金永来印刷厂排放臭气,等待回复：24天18小时59分,2021-11-01 10:04:55,https://wz.sun0769.com/political/politics/index?id=529468
308485,已受理,投诉东城亲亲贝儿早教中心！,等待回复：24天23小时45分,2021-11-01 15:19:17,https://wz.sun0769.com/political/politics/index?id=529508
308443,已受理,增值税免交？,等待回复：24天19小时11分,2021-11-01 08:53:53,https://wz.sun0769.com/political/politics/index?id=529454
308404,已受理,东城樟村银竹路76号门口路段常有生活垃圾,等待回复：24天23小时45分,2021-10-31 17:50:17,https://wz.sun0769.com/political/politics/index?id=529404
308310,已回复,周六周日东莞控规查询系统无法正常使用问题,处理用时：2天16小时32分,2021-10-30 20:24:14,https://wz.sun0769.com/political/politics/index?id=529296
308279,已受理,琥珀台强制收楼，事后维修无人问津,等待回复：23天22小时31分,2021-10-30 15:01:00,https://wz.sun0769.com/political/politics/index?id=529257
308280,已受理,东莞香市中学的校园活动,等待回复：23天17小时7分,2021-10-30 14:52:34,https://wz.sun0769.com/political/politics/index?id=529256
308335,已受理,村委会干部贪污腐败，非法变更土地性质,等待回复：22天19小时31分,2021-10-31 09:31:05,https://wz.sun0769.com/political/politics/index?id=529343
308306,已受理,关于家庭户口学位是否有限额问题,等待回复：24天0小时5分,2021-10-30 17:06:55,https://wz.sun0769.com/political/politics/index?id=529274
308289,已受理,"石碣崇路的井wc路面不平,凹陷_5CM",等待回复：25天22小时39分,2021-10-30 16:46:05,https://wz.sun0769.com/political/politics/index?id=529273
308367,已受理,东莞市第八高级中学新宿舍热水迟迟不修,等待回复：23天18小时59分,2021-10-31 11:34:35,https://wz.sun0769.com/political/politics/index?id=529361
308368,已受理,镇安西路15号人行道停车堵路,等待回复：22天19小时23分,2021-10-31 11:28:49,https://wz.sun0769.com/political/politics/index?id=529360
308351,已回复,海逸高尔夫噪音扰民,处理用时：4天0小时56分,2021-10-31 06:18:25,https://wz.sun0769.com/political/politics/index?id=529327
308353,待处理,东坑镇角社村任由车辆乱停乱放无人管理造成居民出入困难,等待处理：22天7小时47分,2021-10-31 02:00:12,https://wz.sun0769.com/political/politics/index?id=529323
308371,已受理,长安中学不合理！,等待回复：23天19小时5分,2021-10-31 14:02:22,https://wz.sun0769.com/political/politics/index?id=529380
308407,已受理,黄江公园疫情管理,等待回复：26天1小时32分,2021-10-31 21:58:09,https://wz.sun0769.com/political/politics/index?id=529421
308408,已受理,投诉地盘野蛮违规时间施工,等待回复：25天2小时14分,2021-10-31 21:57:42,https://wz.sun0769.com/political/politics/index?id=529420
308479,已回复,清晰道路标线，保障行人安全,处理用时：2天23小时15分,2021-11-01 12:06:29,https://wz.sun0769.com/political/politics/index?id=529487
308480,已受理,道路何时修复,等待回复：26天0小时17分,2021-11-01 12:04:22,https://wz.sun0769.com/political/politics/index?id=529486
308465,已回复,石龙停车乱收费,处理用时：2天5小时40分,2021-11-01 09:44:46,https://wz.sun0769.com/political/politics/index?id=529467
308483,已回复,按揭中房产，婚后加名字，需要什么操作流程？,处理用时：1天18小时58分,2021-11-01 15:05:49,https://wz.sun0769.com/political/politics/index?id=529507
308444,已受理,暴力执法、态度恶劣,等待回复：24天18小时34分,2021-11-01 08:53:17,https://wz.sun0769.com/political/politics/index?id=529453
308405,已受理,噪音,等待回复：25天0小时5分,2021-10-31 17:47:15,https://wz.sun0769.com/political/politics/index?id=529403
308388,已回复,噪音,处理用时：22小时4分,2021-10-31 17:40:16,https://wz.sun0769.com/political/politics/index?id=529402
308307,已受理,文化广场西地块,等待回复：23天19小时3分,2021-10-30 20:23:19,https://wz.sun0769.com/political/politics/index?id=529295
308281,已受理,东莞市水霖实验学校初二强制要求学生理发,等待回复：23天16小时42分,2021-10-30 14:44:18,https://wz.sun0769.com/political/politics/index?id=529255
308264,已受理,建议增加多一个转弯位,等待回复：24天19小时7分,2021-10-30 14:34:42,https://wz.sun0769.com/political/politics/index?id=529252
308253,已受理,东城区新世纪星城物业违规圈小区外围商铺公共停车位收费,等待回复：23天23小时46分,2021-10-30 11:55:10,https://wz.sun0769.com/political/politics/index?id=529233
308283,已受理,中堂镇槎虼謇锩鞯暮佑客砩嫌泄こ偷排废水，污染河道，危害村民,等待回复：22天1小时46分,2021-10-30 11:43:47,https://wz.sun0769.com/political/politics/index?id=529231
308336,已受理,九洞公园建议开放p自行车,等待回复：22天22小时12分,2021-10-31 09:24:59,https://wz.sun0769.com/political/politics/index?id=529342
308337,已受理,华信大厦家具馆乱贴,等待回复：22天23小时46分,2021-10-31 09:10:54,https://wz.sun0769.com/political/politics/index?id=529341
308338,已回复,意昂电子科技有限公司的空压机24小时扰民,处理用时：2天1小时20分,2021-10-31 08:59:44,https://wz.sun0769.com/political/politics/index?id=529340
308290,已受理,东莞市麻涌中学减负工作不较明显,等待回复：24天17小时52分,2021-10-30 16:44:42,https://wz.sun0769.com/political/politics/index?id=529272
308291,已受理,咨询东莞沿海公路建设启动情况,等待回复：24天18小时23分,2021-10-30 16:44:13,https://wz.sun0769.com/political/politics/index?id=529271
308355,已受理,长安中学制度是否存在不合理,等待回复：23天18小时52分,2021-10-31 11:12:36,https://wz.sun0769.com/political/politics/index?id=529359
308356,已受理,滨江路加宽改直,等待回复：24天22小时47分,2021-10-31 10:55:36,https://wz.sun0769.com/political/politics/index?id=529358
308357,已受理,企石镇中心市场乱摆卖,等待回复：22天23小时19分,2021-10-31 10:53:12,https://wz.sun0769.com/political/politics/index?id=529357
308321,已受理,半夜居民公寓附近轮胎店巨大噪音扰民！,等待回复：26天23小时9分,2021-10-30 23:56:58,https://wz.sun0769.com/political/politics/index?id=529321
308322,已受理,碧桂园松湖明珠的合同签署、打折销售等相关问题,等待回复：23天17小时18分,2021-10-30 23:31:14,https://wz.sun0769.com/political/politics/index?id=529320
308372,已受理,狗叫扰民,等待回复：22天19小时19分,2021-10-31 13:50:59,https://wz.sun0769.com/political/politics/index?id=529379
308373,已受理,贪污腐败，变更农业用地,等待回复：22天19小时34分,2021-10-31 13:44:34,https://wz.sun0769.com/political/politics/index?id=529376
308374,已受理,请查这栋屋主！,等待回复：22天22小时13分,2021-10-31 13:44:08,https://wz.sun0769.com/political/politics/index?id=529375
308414,已受理,乐天会酒吧夜晚噪音,等待回复：26天1小时32分,2021-10-31 21:49:51,https://wz.sun0769.com/political/politics/index?id=529419
308416,已受理,沙田大道与轮渡路交叉口红绿灯拥堵,等待回复：24天18小时40分,2021-10-31 21:15:35,https://wz.sun0769.com/political/politics/index?id=529417
308445,已回复,民房建筑严重扰民，到底归哪个部门管,处理用时：3天0小时46分,2021-11-01 07:45:01,https://wz.sun0769.com/political/politics/index?id=529451
308446,已回复,新别墅违建视若不见，百姓危房重建恶意阻挠,处理用时：3天0小时19分,2021-11-01 07:16:23,https://wz.sun0769.com/political/politics/index?id=529450
308435,已受理,海逸豪庭、御峰违建为何不拆？,等待回复：27天22小时19分,2021-11-01 07:10:34,https://wz.sun0769.com/political/politics/index?id=529449
308382,已受理,关于石龙中学高一级放假变更的建议,等待回复：23天19小时33分,2021-10-31 17:14:38,https://wz.sun0769.com/political/politics/index?id=529401
308383,已回复,希望督促个别镇街社区完善预约系统,处理用时：1天23小时14分,2021-10-31 17:12:42,https://wz.sun0769.com/political/politics/index?id=529400
308312,已受理,有路难行的大常平,等待回复：22天22小时41分,2021-10-30 19:42:55,https://wz.sun0769.com/political/politics/index?id=529293
308293,已受理,翰林的不合理行为,等待回复：24天17小时58分,2021-10-30 19:31:21,https://wz.sun0769.com/political/politics/index?id=529292
308294,已受理,东莞市鼎盛皇谢岗公司工资纠纷,等待回复：24天0小时4分,2021-10-30 19:29:54,https://wz.sun0769.com/political/politics/index?id=529291
308267,已受理,黄江镇香江路长期被电动三轮车和美团骑手堵塞，车辆出入不方便,等待回复：25天1小时31分,2021-10-30 14:15:18,https://wz.sun0769.com/political/politics/index?id=529248
308268,已受理,翰林学校跑操能不能人性化,等待回复：24天17小时47分,2021-10-30 14:12:17,https://wz.sun0769.com/political/politics/index?id=529247
308256,已受理,东莞中学松山湖学校宿舍投诉信,等待回复：24天17小时43分,2021-10-30 14:07:20,https://wz.sun0769.com/political/politics/index?id=529245
308249,待处理,广龙高速横跨大岭山莞长路跨线桥施工没有防范措施,等待处理：27天7小时46分,2021-10-30 11:26:43,https://wz.sun0769.com/political/politics/index?id=529227
308251,已受理,关于寮步金富路翻新问题,等待回复：23天17小时3分,2021-10-30 11:00:23,https://wz.sun0769.com/political/politics/index?id=529222
308339,已受理,关于高中生每周放假问题,等待回复：23天18小时21分,2021-10-31 08:52:13,https://wz.sun0769.com/political/politics/index?id=529339
308340,已受理,路边停车乱收费,等待回复：22天23小时31分,2021-10-31 08:47:36,https://wz.sun0769.com/political/politics/index?id=529338
308292,已受理,关于轮渡路齐沙路口红绿灯问题，值得表扬，建议环保路口也加红绿灯！,等待回复：23天19小时29分,2021-10-30 16:42:43,https://wz.sun0769.com/political/politics/index?id=529270
308284,待处理,写转诊要跟看病的一起排队，浪费时间,等待处理：22天7小时47分,2021-10-30 16:34:13,https://wz.sun0769.com/political/politics/index?id=529269
308358,已受理,中介收取中介费都否需要开具发票？,等待回复：22天17小时33分,2021-10-31 10:48:16,https://wz.sun0769.com/political/politics/index?id=529356
308359,已回复,噪音严重扰民,处理用时：2天3小时42分,2021-10-31 10:43:49,https://wz.sun0769.com/political/politics/index?id=529355
308360,已回复,建议东莞参考武汉对房价降价维权的处理方式，维护我市公共安全,处理用时：4天3小时31分,2021-10-31 10:40:30,https://wz.sun0769.com/political/politics/index?id=529353
308323,已受理,东成广场能否安装路灯,等待回复：23天17小时5分,2021-10-30 23:30:29,https://wz.sun0769.com/political/politics/index?id=529319
308324,已受理,东莞户口的小朋友能否看病不转诊,等待回复：22天19小时28分,2021-10-30 23:12:12,https://wz.sun0769.com/political/politics/index?id=529318
308375,已回复,万江图书馆旁边的地铁什么时候开通,处理用时：2天19小时14分,2021-10-31 13:33:29,https://wz.sun0769.com/political/politics/index?id=529373
308376,已受理,横沥金牛公园广场舞扰民,等待回复：22天17小时17分,2021-10-31 13:27:28,https://wz.sun0769.com/political/politics/index?id=529372
308377,已受理,汽车贷款金融服务费,等待回复：23天19小时35分,2021-10-31 13:15:57,https://wz.sun0769.com/political/politics/index?id=529371
308295,待处理,万江转诊难问题,等待处理：22天7小时47分,2021-10-30 19:21:19,https://wz.sun0769.com/political/politics/index?id=529288
308298,已受理,华中师大东莞附属中学宿管问题,等待回复：23天17小时54分,2021-10-30 19:07:28,https://wz.sun0769.com/political/politics/index?id=529285
308257,已受理,投诉东莞市中心血站公众号和西平献血屋！！,等待回复：23天23小时45分,2021-10-30 13:48:21,https://wz.sun0769.com/political/politics/index?id=529243
308258,已受理,大朗镇银朗北路（东莞市交通局大朗分局门口）路段拥堵,等待回复：23天19小时20分,2021-10-30 13:46:30,https://wz.sun0769.com/political/politics/index?id=529242
308252,已受理,华中师大附属中学,等待回复：23天17小时53分,2021-10-30 10:59:45,https://wz.sun0769.com/political/politics/index?id=529221
308241,已受理,关于东莞市沙田镇活力粤港小区违法违规行为举报信,等待回复：23天19小时23分,2021-10-30 10:57:02,https://wz.sun0769.com/political/politics/index?id=529219
308234,已受理,东莞市华中师大附中宿管,等待回复：23天17小时51分,2021-10-30 10:34:35,https://wz.sun0769.com/political/politics/index?id=529217
308341,已受理,银龙路中段（万江中学东门左侧）严重吵闹,等待回复：22天18小时54分,2021-10-31 08:41:24,https://wz.sun0769.com/political/politics/index?id=529336
308342,已受理,奥园翡翠澜湾不分昼夜施工,等待回复：22天18小时54分,2021-10-31 08:39:12,https://wz.sun0769.com/political/politics/index?id=529335
308343,已受理,关于万江中学宿舍热水花洒,等待回复：23天18小时19分,2021-10-31 08:27:34,https://wz.sun0769.com/political/politics/index?id=529333
308286,已受理,虎门太平广场公交站牌安全隐患,等待回复：23天17小时1分,2021-10-30 16:09:08,https://wz.sun0769.com/political/politics/index?id=529267
308287,已受理,投诉东莞市第九人民医院门诊周日无人上班！,等待回复：23天23小时44分,2021-10-30 16:02:30,https://wz.sun0769.com/political/politics/index?id=529266
308347,已受理,长安中学放假是否存在不合理?,等待回复：23天18小时50分,2021-10-31 10:15:07,https://wz.sun0769.com/political/politics/index?id=529352
308344,已受理,长安中学放假是否存在不合理?,等待回复：23天18小时50分,2021-10-31 10:13:11,https://wz.sun0769.com/political/politics/index?id=529350
308327,已受理,车辆乱停放,等待回复：23天0小时2分,2021-10-30 22:46:16,https://wz.sun0769.com/political/politics/index?id=529315
308328,已回复,富盈东方华府――黑恶性质的物业公司,处理用时：3天17小时15分,2021-10-30 22:43:50,https://wz.sun0769.com/political/politics/index?id=529314
308329,已受理,石龙中学高一放学时间变更――学生的心声,等待回复：23天18小时8分,2021-10-30 22:43:39,https://wz.sun0769.com/political/politics/index?id=529313
308378,已受理,新塘社区村民合法报建遭到社区村委会阻拦,等待回复：22天16小时36分,2021-10-31 13:15:20,https://wz.sun0769.com/political/politics/index?id=529370
308361,已受理,哪里可以举报违停的车辆？,等待回复：22天23小时17分,2021-10-31 13:04:27,https://wz.sun0769.com/political/politics/index?id=529369
308299,已受理,大朗镇杨新路停车问题,等待回复：23天19小时22分,2021-10-30 18:45:07,https://wz.sun0769.com/political/politics/index?id=529284
308300,已受理,长安中学是否在给高三学生实施双增政策,等待回复：25天18小时40分,2021-10-30 18:27:11,https://wz.sun0769.com/political/politics/index?id=529283
308259,已受理,漳澎村社区资源过少,等待回复：23天16小时30分,2021-10-30 13:28:48,https://wz.sun0769.com/political/politics/index?id=529240
308272,已受理,东莞市翰林实验学校不合理安排,等待回复：24天17小时39分,2021-10-30 13:25:02,https://wz.sun0769.com/political/politics/index?id=529239
308233,已回复,厚街镇海逸豪庭别墅违建,处理用时：4天20小时45分,2021-10-30 10:26:59,https://wz.sun0769.com/political/politics/index?id=529216
308235,待处理,建筑材料乱放，导致出行不便,等待处理：22天7小时46分,2021-10-30 10:22:08,https://wz.sun0769.com/political/politics/index?id=529215
308238,已受理,第四次投诉锯铁扰民,等待回复：23天18小时38分,2021-10-30 09:56:00,https://wz.sun0769.com/political/politics/index?id=529213
308346,已受理,私宅建设扰民，且是否有建设手续？,等待回复：22天18小时36分,2021-10-31 08:16:58,https://wz.sun0769.com/political/politics/index?id=529332
308348,已受理,石碣御龙公馆噪音扰民,等待回复：24天22小时43分,2021-10-31 08:15:45,https://wz.sun0769.com/political/politics/index?id=529331
308288,已回复,停车不方便,处理用时：4天0小时38分,2021-10-30 15:49:40,https://wz.sun0769.com/political/politics/index?id=529265
308273,已受理,希望整治办公大楼的电动车进电梯情况,等待回复：24天0小时5分,2021-10-30 15:37:18,https://wz.sun0769.com/political/politics/index?id=529264
308313,已受理,东莞火车站，交警高度疑似任务型执法,等待回复：23天19小时28分,2021-10-30 21:54:32,https://wz.sun0769.com/political/politics/index?id=529309
308314,已受理,虎门镇食肆欺行霸市,等待回复：23天23小时37分,2021-10-30 21:49:16,https://wz.sun0769.com/political/politics/index?id=529307
308315,已受理,围村收费,等待回复：24天0小时5分,2021-10-30 21:45:31,https://wz.sun0769.com/political/politics/index?id=529306
308301,已受理,寮步红荔路130号旁边烟筒熏出来烧烤味道,等待回复：24天17小时17分,2021-10-30 18:21:51,https://wz.sun0769.com/political/politics/index?id=529282
308303,待处理,长安中学是否在给高三学生实施双增政策,等待处理：25天7小时47分,2021-10-30 18:19:19,https://wz.sun0769.com/political/politics/index?id=529281
308305,已受理,投诉保利阅云台,等待回复：23天17小时23分,2021-10-30 18:12:06,https://wz.sun0769.com/political/politics/index?id=529278
308271,已受理,麻涌镇发热门诊候诊时候太长,等待回复：23天16小时29分,2021-10-30 13:24:19,https://wz.sun0769.com/political/politics/index?id=529238
308261,已受理,请住建局提供物业使用业主们公共收益的标准流程,等待回复：23天22小时25分,2021-10-30 12:49:03,https://wz.sun0769.com/political/politics/index?id=529236
308260,已受理,东莞市第二高级中学未落实双减政策,等待回复：24天17小时20分,2021-10-30 12:33:46,https://wz.sun0769.com/political/politics/index?id=529235
308229,已受理,角社大桥何时能正常开通，开车出行太不方便了！,等待回复：27天0小时0分,2021-10-30 09:49:39,https://wz.sun0769.com/political/politics/index?id=529212
308230,已受理,东城科技园社区卫生中心何时恢复启用,等待回复：23天23小时46分,2021-10-30 09:22:39,https://wz.sun0769.com/political/politics/index?id=529211
308228,已受理,企业克扣年假问题咨询,等待回复：23天23小时52分,2021-10-30 09:03:42,https://wz.sun0769.com/political/politics/index?id=529209
308274,已受理,分配学校,等待回复：26天0小时58分,2021-10-30 15:35:56,https://wz.sun0769.com/political/politics/index?id=529263
308275,已受理,地铁项目,等待回复：23天22小时27分,2021-10-30 15:27:23,https://wz.sun0769.com/political/politics/index?id=529261
308278,已受理,出指导价之前签合同给定金的房子，是否可以按照合同价批贷？,等待回复：24天21小时58分,2021-10-30 15:16:44,https://wz.sun0769.com/political/politics/index?id=529259
308254,已受理,关于东莞市沙田镇活力粤港小区违法违规行为举报信,等待回复：23天19小时24分,2021-10-30 12:23:04,https://wz.sun0769.com/political/politics/index?id=529234
308231,已受理,拯救生命，刻不容缓,等待回复：23天23小时46分,2021-10-30 09:00:33,https://wz.sun0769.com/political/politics/index?id=529208
308239,待处理,茶山中学放学时间,等待处理：22天7小时46分,2021-10-30 08:37:34,https://wz.sun0769.com/political/politics/index?id=529207
308282,已受理,古梅一中设置重点班,等待回复：23天16小时31分,2021-10-30 15:05:48,https://wz.sun0769.com/political/politics/index?id=529258
